<?xml version='1.0' encoding='utf-8'?>
<!DOCTYPE hibernate-configuration PUBLIC
    "-//Hibernate/Hibernate Configuration DTD//EN"
    "http://www.hibernate.org/dtd/hibernate-configuration-3.0.dtd">

<hibernate-configuration>
	<session-factory>
		<property name="hibernate.connection.driver_class">org.postgresql.Driver</property>
		<property name="hibernate.connection.url">jdbc:postgresql://localhost:5432/DBForHibernate</property>
		<property name="hibernate.connection.username">postgres</property>
		<property name="hibernate.connection.password">admin</property>
		<property name="hibernate.dialect">org.hibernate.dialect.PostgreSQLDialect</property>
		<property name="show_sql">true</property>
		<property name="connection.autocommit">true</property>

		<!-- Drop and re-create the database schema on startup -->
		<!-- property name="hbm2ddl.auto">create</property>-->
		<mapping class="com.simple.contact.entity.Contact" />
		<mapping class="com.simple.contact.entity.Address" />

	</session-factory>

</hibernate-configuration>