<?xml version="1.0" encoding="UTF-8"?>
<beans xmlns="http://www.springframework.org/schema/beans"
	xmlns:context="http://www.springframework.org/schema/context"
	xmlns:xsi="http://www.w3.org/2001/XMLSchema-instance"
	xsi:schemaLocation="http://www.springframework.org/schema/beans
       http://www.springframework.org/schema/beans/spring-beans.xsd
       http://www.springframework.org/schema/context
       http://www.springframework.org/schema/context/spring-context.xsd">

	<context:property-placeholder location="classpath:database.properties" />

	<bean id="dataSource" class="org.apache.commons.dbcp2.BasicDataSource">
		<property name="driverClassName" value="${db.driver}" />
		<property name="url" value="${db.url}" />
		<property name="username" value="${db.user}" />
		<property name="password" value="${db.password}" />
	</bean>

	<bean id="userDAO" class="by.bsuir.ios.pokertrainer.dao.impl.UserDAOImpl" />
	<bean id="questionDAO" class="by.bsuir.ios.pokertrainer.dao.impl.QuestionDAOImpl" />
	<bean id="answerDAO" class="by.bsuir.ios.pokertrainer.dao.impl.AnswerDAOImpl" />

</beans>